,alpha,cvs_mean
0,0.1,0.5195938613093385
1,0.12222222222222223,0.5195888340083923
2,0.14444444444444443,0.5196263664233232
3,0.16666666666666666,0.5196630253314078
4,0.18888888888888888,0.5196920983779082
5,0.2111111111111111,0.5197092514845241
6,0.2333333333333333,0.5197122223134159
7,0.25555555555555554,0.5197102103773039
8,0.2777777777777778,0.5197080413980844
9,0.3,0.5197057153757572
