,Model,R2,MSE
4,xg_model,0.9474697178351852,393.97197226860965
3,random_forest,0.9453027664027731,410.22389581547174
2,knn,0.9452349298183731,410.73266355565283
7,deep_model_norm,0.9418655178704761,436.0029232190878
6,deep_model_regL2,0.8930631893871124,802.015607932394
5,shallow_model_regL2,0.8665527268899872,1000.8414806542642
1,lasso,0.5462448862456155,3403.1189197099275
0,linear_regression,0.5453247654935478,3410.0197352486675
